Product,Product_ID,Category,Reviews_Q1,Reviews_Q2,Reviews_Q3,Reviews_Q4,Sales_Units
3708316 - Garmin Heart Rate Monitor,3708316,Activity Monitors,28,35,29,31,1096
11407491 - SPORTLINE DUO 1010 Heart Rate Monitor,11407491,Activity Monitors,4,4,3,4,2
11407494 - SPORTLINE Solo 915 Mens Heart Rate Monitor,11407494,Activity Monitors,8,5,8,4,783
11407496 - SPORTLINE Mens Solo 925 Strapless Heart Rate Monitor,11407496,Activity Monitors,1,1,0,0,273
11450454 - SPORTLINE 340 Step & Distance Pedometer,11450454,Activity Monitors,13,13,3,3,16
11450457 - SPORTLINE TraQ Pedometer,11450457,Activity Monitors,4,1,1,1,140
11999798 - SPORTLINE Snapshot Pedometer,11999798,Activity Monitors,2,2,2,3,1
12004242 - SPORTLINE Womens Cardio 630 Coded Heart Rate Monitor,12004242,Activity Monitors,0,3,2,5,0
12735614 - GARMIN Forerunner 910XT GPS Watch,12735614,Activity Monitors,23,29,29,25,4
17305516 - POLAR H7 Heart Rate Sensor,17305516,Activity Monitors,2,1,2,1,11
19074896 - POLAR RCX3 Training Computer,19074896,Activity Monitors,11,5,8,2,3
21808766 - FITBIT Zip Wireless Activity Tracker,21808766,Activity Monitors,170,162,168,124,85
21808806 - Fitbit Flex Wireless Activity & Sleep Wristband,21808806,Activity Monitors,272,274,244,185,783
28661726 - GARMIN Forerunner 220 GPS Watch with Heart Rate Monitor,28661726,Activity Monitors,59,76,69,56,75
28661736 - Garmin Forerunner 620 GPS Watch with Heart Rate Monitor,28661736,Activity Monitors,41,33,32,23,51
29287466 - Under Armour 39 Watch,29287466,Activity Monitors,2,1,1,0,6
32987276 - Garmin Vivofit Activity Band ,32987276,Activity Monitors,110,117,184,164,12
32987326 - Garmin Vivofit Fitness Band With Heart Rate Monitor,32987326,Activity Monitors,22,14,35,29,56
34669396 - Omron HR-210 Strapless Heart Rate Monitor,34669396,Activity Monitors,25,22,15,18,2
34669406 - Omron HR-310 Heart Rate Monitor with Strap,34669406,Activity Monitors,3,1,1,12,0
35280716 - SOLEUS GPS Fit Running Watch,35280716,Activity Monitors,1,0,0,1,9
41405236 - Polar FT7 Heart Rate Monitor,41405236,Activity Monitors,90,94,97,86,8
41405256 - Polar FT4 Heart Rate Monitor,41405256,Activity Monitors,0,0,1,0,12
41405276 - Polar FT1 Heart Rate Monitor,41405276,Activity Monitors,34,46,51,45,3
41405296 - Polar FT60 Heart Rate Monitor,41405296,Activity Monitors,61,79,71,60,1
"42281546 - IFit Tracker, Band and Clip",42281546,Activity Monitors,0,0,3,8,0
43500506 - TomTom Multi-Sport GPS Watch+Cycle Dark Grey,43500506,Activity Monitors,32,38,37,44,1
43500586 - TomTom Multi-Sport GPS Watch,43500586,Activity Monitors,0,0,1,1,6
43957056 - MISFIT Shine Activity Monitor,43957056,Activity Monitors,92,103,97,78,7
45542036 - WeGo HYBRID Bluetooth Activity + Sleep Tracker,45542036,Activity Monitors,0,0,4,14,0
45542046 - WeGo ACTIVE Plug-In Activity Tracker,45542046,Activity Monitors,5,2,0,1,3
45542056 - WeGo ELITE Plug-In Activity Tracker,45542056,Activity Monitors,0,0,0,1,3
46272066 - Misfit Wearables Flash Fitness + Sleep Monitor,46272066,Activity Monitors,5,6,41,52,2
46466276 - Fitbit One,46466276,Activity Monitors,188,184,170,124,22
48781446 - Fitbit Charge Activity Wristband,48781446,Activity Monitors,2,5,103,170,217
48781476 - Fitbit Charge HR Activity Wristband,48781476,Activity Monitors,1,1,3,62,907
48781496 - Fitbit Surge GPS Fitness Watch,48781496,Activity Monitors,4,0,19,171,117
49581096 - Garmin Fenix 2 Training Watch,49581096,Activity Monitors,31,51,43,25,10
51954916 - Jawbone UP Fitness Tracker,51954916,Activity Monitors,122,121,130,116,0
51955006 - Jawbone UP24 Fitness Tracker,51955006,Activity Monitors,43,50,54,28,5
52761666 - Garmin Vivosmart Activity Tracker,52761666,Activity Monitors,7,20,101,112,20
52761706 - Garmin Vivosmart Activity Tracker and Heart Monitor Bundle,52761706,Activity Monitors,1,10,24,20,8
54160486 - Mio Global Fuse Large Heart Rate Band,54160486,Activity Monitors,0,0,10,59,0
54160516 - Mio Global Alpha Heart Rate Watch,54160516,Activity Monitors,43,34,35,49,1
54160556 - LifeTrak C210 Core 24-Hour Tracker (Black/Lime),54160556,Activity Monitors,0,2,6,23,11
54160606 - LifeTrak Brite R450 LifeTracker (Black/Freesia),54160606,Activity Monitors,0,0,13,15,0
54160646 - YOO Black Tracker with Trackit Jacket,54160646,Activity Monitors,0,0,0,1,0
1873192 - AKADEMA A843 Pro Level Quality Amish Adult Baseball Bat,1873192,Baseball Bat,1,1,0,1,1
1873251 - Akadema Pro Amish Wood Fungo Bat,1873251,Baseball Bat,1,0,0,0,5
2485934 - BWP Bats Mr. Nasty Pro Maple Adult Wood Baseball Bat ,2485934,Baseball Bat,1,0,1,0,19
2931866 - SKLZ Quick Stick Training Bat,2931866,Baseball Bat,5,2,2,2,4
3809218 - WIFFLE 32 Plastic Long Bat - 12 Pack,3809218,Baseball Bat,14,22,6,6,1
4250755 - MIZUNO Classic Composite Adult Baseball Bat,4250755,Baseball Bat,1,3,1,0,2
11158416 - EASTON Typhoon Adult BBCOR Baseball Bat (-3),11158416,Baseball Bat,5,1,1,0,42
11365629 - MIZUNO Maple Composite Adult Baseball Bat,11365629,Baseball Bat,0,0,0,1,3
12225438 - Louisville Slugger TPX Warrior Adult BBCOR Baseball Bat (-3) 2012,12225438,Baseball Bat,1,2,0,1,7
12550623 - BAMBOOBAT 30-Inch Youth Baseball Bat,12550623,Baseball Bat,0,1,0,0,2
13370915 - RAWLINGS Velo Youth Baseball Bat (-5),13370915,Baseball Bat,5,2,2,0,9
13382090 - MIZUNO Classic Maple Adult Baseball Bat,13382090,Baseball Bat,1,0,1,1,13
15422756 - BAMBOOBAT 34-inch Fungo Bat,15422756,Baseball Bat,1,0,0,0,4
16840716 - LOUISVILLE SLUGGER 2013 Mendoza Adult Fastpitch Softball Bat (-13),16840716,Baseball Bat,0,1,1,0,79
17482456 - DEMARINI Dark Youth Senior League Baseball Bat (-9),17482456,Baseball Bat,2,2,0,0,3
20690176 - DEMARINI 2014 Voodoo Paradox Adult Baseball Bat (-3 BBCOR),20690176,Baseball Bat,33,9,7,10,28
20690196 - DEMARINI 2014 Voodoo Paradox Senior League Baseball Bat (-9),20690196,Baseball Bat,26,5,3,1,18
20690226 - DEMARINI 2014 Voodoo Paradox Youth Baseball Bat (-13),20690226,Baseball Bat,29,15,6,5,98
20722666 - DEMARINI CF6 Youth Fastpitch Softball Bat (-11) 2014,20722666,Baseball Bat,26,27,18,7,107
22170766 - EASTON 2014 S500 Speed Brigade Adult Baseball Bat (-3 BBCOR),22170766,Baseball Bat,6,4,1,2,29
23478536 - EASTON S1 Youth Baseball Bat (-12) 2014,23478536,Baseball Bat,53,38,2,4,151
23646246 - WORTH 2014 Storm HyperLite Adult Fastpitch Softball Bat (-13),23646246,Baseball Bat,15,7,0,1,13
23646256 - WORTH Eclipse Youth Fastpitch Softball Bat (-12),23646256,Baseball Bat,1,0,0,0,7
23697676 - RAWLINGS 2014 5150 Adult Baseball Bat (-3 BBCOR),23697676,Baseball Bat,21,20,16,5,19
23697696 - WORTH 2014 Prodigy Senior League Baseball Bat (-10),23697696,Baseball Bat,8,0,1,0,2
23775056 - EASTON S1 Adult BBCOR Baseball Bat (-3) 2014,23775056,Baseball Bat,3,1,2,0,1
23775076 - EASTON S2 Adult BBCOR Baseball Bat (-3) 2014,23775076,Baseball Bat,11,4,4,1,22
23775096 - EASTON Mako Senior League Baseball Bat (-10),23775096,Baseball Bat,20,13,9,9,4
23775106 - EASTON S3 Senior League Baseball Bat (-10),23775106,Baseball Bat,7,2,1,1,7
23822686 - EASTON 2014 S50 Speed Brigade Youth Baseball Bat (-10),23822686,Baseball Bat,13,16,16,13,64
23822696 - EASTON 2014 S300 Youth Baseball Bat (-12),23822696,Baseball Bat,54,17,7,10,32
23822706 - EASTON 2014 FS300 Speed Brigade Adult Fastpitch Softball Bat (-11),23822706,Baseball Bat,18,10,5,3,5
23878796 - EASTON 2014 Mako Power Brigade Youth Tee Ball Bat (-13),23878796,Baseball Bat,11,4,4,1,8
23878806 - EASTON S500 Youth Baseball Bat (-13),23878806,Baseball Bat,32,21,18,24,124
23878866 - EASTON 2014 XL3 Senior League Baseball Bat (-5),23878866,Baseball Bat,5,3,3,0,8
23902026 - EASTON 2014 S50 Adult Slowpitch Softball Bat,23902026,Baseball Bat,5,4,6,2,28
23933256 - EASTON 2014 FS200 Speed Brigade Adult Fastpitch Softball Bat (-10),23933256,Baseball Bat,11,12,6,1,9
23933266 - EASTON 2014 FS500 Speed Brigade Adult Fastpitch Softball Bat (-13),23933266,Baseball Bat,5,4,1,2,10
23933676 - DEMARINI Uprising Youth Fastpitch Softball Bat (-12) 2014,23933676,Baseball Bat,1,0,3,0,26
23934386 - DEMARINI 2014 Uprising Youth Baseball Bat (-12),23934386,Baseball Bat,8,4,2,2,26
23934406 - DEMARINI CF6 Youth Baseball Bat (-11) 2014,23934406,Baseball Bat,1,0,0,0,5
23934426 - DEMARINI CF6 Adult BBCOR Baseball Bat (-3) 2014,23934426,Baseball Bat,10,3,1,2,23
24173296 - WORTH 2014 Warpath Adult Slowpitch Softball Bat,24173296,Baseball Bat,1,0,0,0,37
24520556 - DEMARINI Ultimate Weapon Adult Slowpitch Softball Bat 2014,24520556,Baseball Bat,8,11,3,0,8
24522026 - LOUISVILLE SLUGGER Attack Youth Tee Ball Bat (-13.5) 2014,24522026,Baseball Bat,1,2,0,0,7
24522056 - LOUISVILLE SLUGGER 180 Ash Adult Wood Baseball Bat 2014,24522056,Baseball Bat,1,1,0,0,7
24522066 - LOUISVILLE SLUGGER Xeno Adult Fastpitch Softball Bat (-10) 2014,24522066,Baseball Bat,2,2,1,0,16
24522596 - LOUISVILLE SLUGGER 2014 225 Ash Youth Wood Baseball Bat,24522596,Baseball Bat,4,12,4,3,19
24522606 - LOUISVILLE SLUGGER I13 Hard Maple Adult Wood Baseball Bat 2014,24522606,Baseball Bat,0,0,1,0,2
24758626 - DEMARINI CF6 Senior League Baseball Bat (-10) 2014,24758626,Baseball Bat,9,3,0,1,1
29170336 - BAMBOOBAT Adult Bamboo Baseball Bat - 100-Day Warranty,29170336,Baseball Bat,5,2,1,0,6
29176626 - MARUCCI Elite Adult BBCOR Baseball Bat (-3) 2014,29176626,Baseball Bat,3,1,0,0,2
29437586 - MIZUNO Bamboo Elite Adult BBCOR Baseball Bat,29437586,Baseball Bat,0,0,1,0,2
29985356 - DEMARINI Voodoo Youth Tee Ball Bat (-12) 2014,29985356,Baseball Bat,3,0,0,0,5
31447456 - COMBAT Wanted Senior League Baseball Bat (-10) 2014,31447456,Baseball Bat,2,6,3,0,1
32846296 - LOUISVILLE SLUGGER MLB180 Ash Adult Wood Baseball Bat 2014,32846296,Baseball Bat,16,8,3,3,61
34447136 - DEMARINI CF7 Youth Fastpitch Softball Bat (-11) 2015,34447136,Baseball Bat,10,11,5,5,1
34447146 - DEMARINI Flipper Aftermath Adult Slowpitch Softball Bat 2014,34447146,Baseball Bat,17,10,5,11,21
34447166 - Demarini One Adult Slowpitch Softball Bat 2014,34447166,Baseball Bat,4,3,4,2,69
34447186 - DEMARINI One Senior SR1.21 Adult Slowpitch Baseball Bat 2014,34447186,Baseball Bat,0,0,1,0,4
34867776 - WORTH 2Legit Adult Fastpitch Softball Bat (-10) 2015,34867776,Baseball Bat,15,12,1,1,2
34901766 - EASTON Mako Torq Adult BBCOR Baseball Bat (-3) 2015,34901766,Baseball Bat,0,11,9,6,3
34901776 - EASTON Mako Adult BBCOR Baseball Bat (-3) 2015,34901776,Baseball Bat,0,1,0,0,19
34901806 - EASTON S2Z Adult BBCOR Baseball Bat (-3) 2015,34901806,Baseball Bat,0,0,1,1,1
34901826 - EASTON Mako Torq Big Barrel Baseball Bat (-8) 2015 - Presale,34901826,Baseball Bat,0,0,4,1,4
34904366 - DEMARINI CF7 Adult Fastpitch Softball Bat (-10) 2015,34904366,Baseball Bat,2,1,1,3,6
35083216 - EASTON Mako Big Barrel Baseball Bat (-10) 2015,35083216,Baseball Bat,0,2,1,0,5
35083296 - EASTON Mako Youth Baseball Bat (-11) 2015,35083296,Baseball Bat,0,7,9,5,58
"35083346 - EASTON S3 2 3/4"" Big Barrel Baseball Bat (-10) 2015",35083346,Baseball Bat,0,1,1,2,32
35083366 - EASTON XL3 Big Barrel Baseball Bat (-5) 2015,35083366,Baseball Bat,0,1,0,5,4
35083376 - EASTON Mako Junior Big Barrel Baseball Bat (-12) 2015,35083376,Baseball Bat,0,0,1,2,6
35119756 - EASTON Mako Torq Fastpitch Softball Bat (-10) 2015,35119756,Baseball Bat,0,1,0,1,2
35119766 - Easton Mako CXN Zero Fastpitch Softball Bat (-10) 2015,35119766,Baseball Bat,0,0,6,4,3
35599076 - LOUISVILLE SLUGGER C271 MLB Prime Maple Adult Wood Baseball Bat 2014,35599076,Baseball Bat,1,8,0,2,7
37682306 - RAWLINGS Velo RM271 Adult Wood Baseball Bat 2015,37682306,Baseball Bat,6,5,1,2,16
37807986 - LOUISVILLE SLUGGER BBCOR Prime 915 Baseball Bat (-3) 2015,37807986,Baseball Bat,0,5,3,3,69
37807996 - LOUISVILLE SLUGGER BBCOR Select 715,37807996,Baseball Bat,2,4,0,3,3
37808006 - LOUISVILLE SLUGGER BBCOR Omaha 515,37808006,Baseball Bat,1,3,2,4,17
37808036 - LOUISVILLE SLUGGER Omaha 515 Senior League Baseball Bat (-10) 2015,37808036,Baseball Bat,0,3,2,0,1
37808086 - LOUISVILLE SLUGGER Xeno Fastpitch Softball Bat (-11) 2015,37808086,Baseball Bat,0,6,11,18,3
37808096 - LOUISVILLE SLUGGER Xeno Fastpitch Softball Bat (-10) 2015,37808096,Baseball Bat,0,3,2,4,7
37808126 - LOUISVILLE SLUGGER X12 Fastpitch Softball Bat (-12) 2015,37808126,Baseball Bat,0,1,0,2,34
37843736 - EASTON S3 2 3/4 Big Barrel Baseball Bat 2014 (-10) ,37843736,Baseball Bat,0,1,1,0,99
37843786 - Easton S500 Realtree Xtra Youth Baseball Bat (-13) 2015,37843786,Baseball Bat,14,16,19,8,20
37843806 - Easton Mako Youth Fastpitch Softball Bat (-11) 2015,37843806,Baseball Bat,0,0,0,1,12
38226326 - RAWLINGS 5150 Senior League Baseball Bat (-10) 2015,38226326,Baseball Bat,0,0,2,1,5
38226346 - RAWLINGS Velo Balanced Adult BBCOR Baseball Bat (-3) 2015,38226346,Baseball Bat,0,0,0,1,5
38936536 - DEMARINI CF7 Adult BBCOR Baseball Bat (-3) 2015,38936536,Baseball Bat,0,0,4,3,1
38936566 - DEMARINI CF7 Youth Baseball Bat (-11) 2015,38936566,Baseball Bat,0,1,5,0,4
38936576 - DEMARINI Voodoo Overlord FT Adult BBCOR Baseball Bat (-3) 2015,38936576,Baseball Bat,0,0,2,1,4
38936616 - DEMARINI Voodoo Overlord FT Youth Baseball Bat (-13) 2015,38936616,Baseball Bat,0,2,1,2,6
38936626 - DEMARINI Vexxum NVS Adult BBCOR Baseball Bat (-3) 2015,38936626,Baseball Bat,0,1,0,2,2
40936636 - DEMARINI Vexxum NVS Big Barrel Baseball Bat (-10) 2015,40936636,Baseball Bat,0,0,0,1,5
40936646 - DeMarini NVS Vexxum Junior Big Barrel Baseball Bat (-10.5) 2015,40936646,Baseball Bat,0,0,0,1,1
40936656 - DEMARINI Vexxum NVS Youth Baseball Bat (-12) 2015,40936656,Baseball Bat,0,0,1,1,1
41820356 - DeMarini Voodoo Overlord FT Senior League Baseball Bat (-5) 2015,41820356,Baseball Bat,2,0,1,1,11
42948046 - Worth Sick 454 Balanced Adult Fastpitch Softball Bat (-12) 2015,42948046,Baseball Bat,0,0,0,1,2
43415406 - Rawlings Prodigy Youth Baseball Bat (-10) 2015,43415406,Baseball Bat,0,0,0,1,1
43941796 - Easton S400 Junior Big Barrel Baseball Bat (-11) 2015,43941796,Baseball Bat,20,12,8,10,3
43942986 - DeMarini Ultimate Weapon Adult Slowpitch Softball Bat 2015,43942986,Baseball Bat,0,0,1,2,20
45165356 - Louisville Slugger C271 MLB Prime Maple Adult Wood Baseball Bat 2015,45165356,Baseball Bat,0,0,1,0,5
45165376 - Louisville Slugger Pro Stock Lite C271 Adult Ash Wood Baseball Bat 2015,45165376,Baseball Bat,5,1,1,0,3
45596376 - Louisville Slugger Mendoza Adult Fastpitch Softball Bat (-13) 2015,45596376,Baseball Bat,0,0,0,1,21
46588166 - Pinnacle Sports 18 in BamBooBat,46588166,Baseball Bat,1,1,1,0,8
13012524 - Nike Mens Air Max MVP Elite 3/4 Metal Baseball Cleats,13012524,Cleats,3,0,0,0,43
13305132 - adidas Kids Goletto IV TRX FG Soccer Cleats,13305132,Cleats,7,15,0,2,56
15302106 - Nike Mens Lunar Saddle Golf Shoes,15302106,Cleats,1,2,0,1,80
16557586 - NIKE Mens Alpha Strike Mid Football Cleats,16557586,Cleats,2,16,8,8,27
16557686 - NIKE Mens Alpha Strike Low Football Cleats,16557686,Cleats,0,2,1,0,54
16557726 - Nike Mens Lunar Code Pro Mid Football Cleats,16557726,Cleats,0,2,1,1,44
18097066 - NIKE Kids Jr. Chaser FG-R Low Soccer Cleats,18097066,Cleats,14,8,2,2,874
18336326 - adidas Boys Predito LZ TRX FG Low Soccer Cleats,18336326,Cleats,2,0,0,1,4
18393656 - FOOTJOY Mens Contour Series Golf Shoes,18393656,Cleats,0,0,0,2,9
18469806 - Nike Boys Jr. Hypervenom Phade FG-R Low Soccer Cleats,18469806,Cleats,0,0,0,1,136
18598656 - Nike Boys Jr. Hypervenom Phelon FG Low Soccer Cleats,18598656,Cleats,0,0,1,2,37
18598696 - Nike Mens Hypervenom Phantom FG Low Soccer Cleats,18598696,Cleats,0,0,1,0,28
18867926 - adidas Mens Predator Absolion LZ TRX FG Low Soccer Cleats,18867926,Cleats,3,2,3,0,5
21436456 - NIKE Boys Huarache Strike Mid MCS Baseball Cleats - Grade School,21436456,Cleats,1,1,0,0,115
21436486 - Nike Mens Huarache Strike Mid MCS Baseball Cleats,21436486,Cleats,2,4,1,1,45
21468086 - NIKE Mens Huarache Strike Low Baseball Cleats,21468086,Cleats,2,2,0,0,48
21468096 - NIKE Mens Huarache Pro Mid Baseball Cleats,21468096,Cleats,3,0,0,4,348
21977146 - WARRIOR Mens Burn 7.0 Mid Lacrosse Cleats,21977146,Cleats,2,2,0,3,30
22243006 - NIKE Mens Huarache 4 Mid Lacrosse Cleats,22243006,Cleats,4,1,2,6,28
22243016 - NIKE Boys Speedlax 4 Lacrosse Cleats - Grade School,22243016,Cleats,0,0,0,1,10
22852206 - NIKE Mens Zoom Rival S 7 Track Shoes,22852206,Cleats,1,0,1,3,72
22876436 - NIKE Mens Zoom Rival MD 7 Track Shoes,22876436,Cleats,0,0,0,1,77
22946886 - Nike Mens Hypervenom Phade FG Soccer Cleats,22946886,Cleats,1,7,1,1,251
22946916 - NIKE Womens Zoom Rival S 7 Track Shoes,22946916,Cleats,0,0,3,4,324
22946966 - NIKE Mens Tiempo Rio II FG Low Soccer Cleats,22946966,Cleats,2,3,1,1,139
22993666 - NIKE Mens Speedlax 4 Mid Lacrosse Cleats,22993666,Cleats,2,0,0,0,102
23154736 - adidas Mens F30 TRX FG Low Soccer Cleats,23154736,Cleats,2,0,0,4,17
23154766 - adidas Mens F10 TRX FG Low Soccer Cleats,23154766,Cleats,4,3,4,2,4
23154856 - adidas Womens F5 TRX FG Low Soccer Cleats,23154856,Cleats,0,0,1,3,24
23199166 - NIKE Mens Zoom Rival D 8 Track Shoes,23199166,Cleats,0,0,0,2,76
23328546 - WARRIOR Mens Gospel Low Lacrosse Cleats,23328546,Cleats,1,0,0,1,6
23328556 - WARRIOR Mens Second Degree Burn 3.0 Mid Lacrosse Cleats,23328556,Cleats,0,0,0,1,3
23501146 - Nike Mens Hypervenom Phelon FG Low Soccer Cleats,23501146,Cleats,1,0,2,0,146
23530796 - Nike Mens Huarache Keystone Mid Baseball Cleats,23530796,Cleats,2,0,0,1,331
23593656 - NIKE Boys Huarache Keystone Mid Baseball Cleats,23593656,Cleats,8,4,1,4,409
23899116 - NIKE Mens Alpha Strike 3/4 TD Football Cleats,23899116,Cleats,0,3,1,0,69
24044546 - NIKE Boys FC247 Jr. Bomba II Low Soccer Shoes,24044546,Cleats,0,0,1,0,53
24044576 - NIKE Boys Tiempo Genio FG Low Soccer Cleats,24044576,Cleats,0,0,1,1,99
24077806 - adidas Mens F50 adiZero TRX FG Low Soccer Cleats,24077806,Cleats,1,1,0,0,5
24103066 - UNDER ARMOUR Mens Highlight Lacrosse Cleats,24103066,Cleats,1,0,0,0,12
24196406 - adidas Mens adiZero 5-Tool 2.5 Mid Baseball Cleats,24196406,Cleats,1,1,0,0,1
24590876 - NIKE Mens Durasport III Golf Shoes,24590876,Cleats,20,19,12,9,392
24590886 - Nike Mens Air Rival III Golf Shoes,24590886,Cleats,2,1,3,3,122
24647546 - FOOTJOY Mens Contour Casual Golf Shoes,24647546,Cleats,1,0,0,0,18
24647556 - FOOTJOY Mens Superlites CT Golf Shoes,24647556,Cleats,1,0,0,0,3
24682616 - RAWLINGS Mens Wind Up Low Baseball Cleats,24682616,Cleats,1,0,0,0,142
24789746 - adidas Mens adiZero One Golf Shoes,24789746,Cleats,5,21,26,38,26
24944806 - Nike Mens Alpha Pro 3/4 Football Cleats,24944806,Cleats,1,4,1,0,49
24945536 - Nike Mens Vapor Strike 4 Low Football Cleats,24945536,Cleats,2,4,2,3,149
24945546 - Nike Mens Vapor Speed Low Football Cleats,24945546,Cleats,0,2,0,0,79
25009136 - NIKE Boys Alpha Shark 3/4 Football Cleats,25009136,Cleats,4,18,0,2,40
25011436 - NIKE Boys Vapor Shark Low Football Cleats,25011436,Cleats,0,12,3,2,346
25114366 - NIKE Mens Vapor Shark Low Football Cleats,25114366,Cleats,1,7,3,3,0
28367166 - UNDER ARMOUR Mens Run N Gun D Mid Football Cleats,28367166,Cleats,0,0,0,1,15
28367756 - adidas Mens Filthyspeed Low D Football Cleats,28367756,Cleats,1,0,0,0,46
28367776 - adidas Mens RG3 Mid Football Cleats,28367776,Cleats,0,11,1,0,15
28462396 - UNDER ARMOUR Mens Blur Phantom MC Low Football Cleats,28462396,Cleats,0,0,0,1,1
28462406 - adidas Boys Filthyquick MD J Mid Football Cleats,28462406,Cleats,0,9,2,0,19
28944186 - NIKE Mens Hypervenom Phatal FG Low Soccer Cleats,28944186,Cleats,0,4,1,0,69
29394476 - NIKE Mens CJ Strike 2 TD Mid Football Cleats,29394476,Cleats,3,4,1,0,14
30556646 - adidas Womens Predator LZ TRX FG Soccer Cleats,30556646,Cleats,1,0,0,0,48
30601626 - NIKE Mens Magista Orden FG Low Soccer Cleats,30601626,Cleats,0,2,1,1,1
30601636 - Nike Mens Magista Onda FG Low Soccer Cleats,30601636,Cleats,0,0,1,2,93
30601646 - NIKE Mens Mercurial Veloce II FG Low Soccer Cleats,30601646,Cleats,0,4,0,0,10
30601656 - NIKE Mens Mercurial Victory V FG Low Soccer Cleats,30601656,Cleats,0,2,1,0,253
30601676 - Nike Mens Lunar Vapor Trout Mid Baseball Cleats,30601676,Cleats,0,0,0,3,72
30876696 - NIKE Mens Magista OLA FG-R Low Soccer Cleats,30876696,Cleats,0,1,0,0,215
30922706 - NIKE Kids Jr. Magista OLA FG-R Low Soccer Cleats,30922706,Cleats,0,0,1,0,82
31033036 - NIKE Mens Tiempo Legend V FG Low Soccer Cleats,31033036,Cleats,0,1,0,0,1
31070426 - NIKE Womens Tiempo Rio II FG Low Soccer Cleats,31070426,Cleats,0,0,1,1,109
31070456 - NIKE Kids Jr. Mercurial Vortex II FG-R Soccer Cleats,31070456,Cleats,0,1,0,0,58
31070466 - Nike Mens Mercurial Vortex II FG Low Soccer Cleats,31070466,Cleats,0,0,0,1,71
31135486 - NIKE Mens Huarache Pro Low Metal Baseball Cleats,31135486,Cleats,1,0,0,0,22
32180416 - UNDER ARMOUR Mens Spine Metal Low Baseball Cleats,32180416,Cleats,0,0,1,0,4
32180426 - UNDER ARMOUR Mens Yard Mid Baseball Cleats,32180426,Cleats,0,1,0,0,11
33114806 - NIKE Mens Heritage Golf Shoes,33114806,Cleats,1,0,8,4,1
33114816 - NIKE Mens Lunar Control Golf Shoes,33114816,Cleats,1,1,0,0,20
33114836 - NIKE Mens Lunar Control II Golf Shoes,33114836,Cleats,15,26,23,13,2
33256976 - NIKE Mens TW 14 Golf Shoes,33256976,Cleats,16,26,13,16,14
34754426 - NIKE Womens Hyperdiamond Keystone Low Baseball Cleats,34754426,Cleats,0,0,0,2,118
34754446 - NIKE Mens Vapor Strike 2 MCS Low Baseball Cleats,34754446,Cleats,0,0,0,1,75
34754456 - Nike Mens Vapor Keystone 2 Low Baseball Cleats,34754456,Cleats,0,0,1,5,598
34779606 - Nike Boys Vapor Keystone Low 2 Baseball Cleats - Grade School,34779606,Cleats,0,0,0,1,771
34860726 - NIKE Mens MVP Strike 2 Metal Low Baseball Cleats,34860726,Cleats,3,0,0,1,36
34869336 - PUMA Mens evoSPEED 1.2 FG Soccer Cleats,34869336,Cleats,0,4,7,1,3
34869346 - PUMA Mens evoSPEED 1.2 L FG Soccer Cleats,34869346,Cleats,1,1,1,0,1
34869356 - PUMA Mens evoSPEED 3.2 FG Soccer Cleats,34869356,Cleats,0,0,2,0,2
34897106 - NIKE Womens Tiempo Genio FG Soccer Cleats,34897106,Cleats,1,2,0,0,11
34933496 - Under Armour Mens Deception Mid DT Baseball Cleats,34933496,Cleats,0,0,0,2,18
34933506 - Under Armour Mens Deception Low DT Baseball Cleats,34933506,Cleats,0,0,0,1,10
34933526 - Under Armour Mens Ignite Mid ST CC Baseball Cleats,34933526,Cleats,0,0,0,1,23
34933576 - Under Armour Mens Leadoff Mid RM Baseball Cleats,34933576,Cleats,0,0,0,1,146
34971946 - Under Armour Boys Leadoff Mid RM Jr Baseball Cleats,34971946,Cleats,1,0,0,1,228
34971986 - Under Armour Womens Glyde RM CC Softball Cleats,34971986,Cleats,0,0,0,3,108
35046986 - Nike Girls Hyperdiamond Keystone Low Softball Cleats - Grade School,35046986,Cleats,1,0,0,0,257
35763226 - Nike Mens Mercurial Vapor X CR7 FG Low Soccer Cleats,35763226,Cleats,0,0,0,1,3
38353476 - Under Armour Mens Banshee Mid MC Lacrosse Cleats,38353476,Cleats,0,0,0,1,1
40930516 - Nike Mens Huarache 4 LAX Turf LE Lacrosse Cleats,40930516,Cleats,0,0,0,1,10
41532536 - Nike Mens Zoom Superfly R4 Track Shoes,41532536,Cleats,0,0,1,0,1
42021746 - adidas Mens Messi 10.3 FG Low Soccer Cleats,42021746,Cleats,0,0,0,5,60
42451056 - Nike Womens Zoom Rival MD 7 Track Shoes,42451056,Cleats,2,0,0,0,36
42626406 - Nike Mens Hypervenom Phatal Premium FG Low Soccer Cleats,42626406,Cleats,0,2,5,0,5
42626416 - Nike Mens Hypervenom Phelon Premium FG Low Soccer Cleats,42626416,Cleats,0,6,5,6,21
43507026 - Nike Kids Jr. Bomba II Turf Soccer Cleats,43507026,Cleats,0,0,2,0,21
43874556 - adidas Mens 11Questra FG Low Soccer Cleats,43874556,Cleats,0,0,0,1,154
45486286 - adidas Boys Conquisto FG Low Soccer Cleats,45486286,Cleats,0,0,0,2,135
45596226 - Easton Mens Mako Low Baseball Cleats,45596226,Cleats,0,0,0,1,45
45759596 - Easton Boys Mako Low Baseball Cleats,45759596,Cleats,0,1,1,0,53
46469696 - adidas Womens Spider 4 Track Shoes,46469696,Cleats,0,0,0,1,3
46600206 - adidas Womens Predito Instinct FG Low Soccer Cleats,46600206,Cleats,0,2,5,7,17
46627556 - adidas Mens F10 FG Low Soccer Cleats,46627556,Cleats,0,0,1,1,31
46627576 - adidas Boys F5 FxG J Low Soccer Cleats,46627576,Cleats,0,0,0,1,47
46627596 - adidas Mens Predator Absolado Instinct FG Low Soccer Cleats,46627596,Cleats,0,8,1,5,53
46786266 - Under Armour Boys Lax Highlight RM Jr. Mid Lacrosse Cleats - Grade School,46786266,Cleats,0,0,0,5,3
11796818 - WILSON Mens Tour RX Complete Golf Set,11796818,Golf Complete Sets,1,0,1,0,12
12139766 - RAM Womens G-Force Complete Golf Set,12139766,Golf Complete Sets,2,1,5,1,14
12139768 - RAM Mens G-Force Left-Hand Golf Set,12139768,Golf Complete Sets,1,0,0,0,4
13066272 - TOMMY ARMOUR Mens Silver Scot Complete Golf Set,13066272,Golf Complete Sets,1,1,1,0,42
13066274 - TOMMY ARMOUR Womens Silver Scot Complete Golf Set,13066274,Golf Complete Sets,0,1,0,0,49
13335938 - TOMMY ARMOUR Mens Evo Complete Golf Set,13335938,Golf Complete Sets,2,0,0,0,27
21821456 - TOMMY ARMOUR Mens Axial Complete Golf Set - Right Hand,21821456,Golf Complete Sets,0,1,1,0,NA
21821476 - TOMMY ARMOUR Womens Axial Complete Graphite Golf Set,21821476,Golf Complete Sets,1,0,1,0,132
23874286 - NIKE Boys VRS 7-Piece Golf Set - Step 2,23874286,Golf Complete Sets,0,4,3,2,9
32651736 - WILSON Womens Tour RX Complete Golf Set,32651736,Golf Complete Sets,0,3,0,0,9
12315425 - Nike Mens Carolina Panthers Cam Newton Game Team Color Jersey ,12315425,NFL Apparel,1,0,2,1,NA
12315446 - NIKE Womens Cincinnati Bengals Andy Dalton Game Team Color Jersey,12315446,NFL Apparel,0,0,0,0,0
12315454 - Nike Womens New England Patriots Tom Brady Game Team Jersey,12315454,NFL Apparel,0,0,1,1,8
12315474 - NIKE Mens New York Giants Eli Manning Game White Jersey,12315474,NFL Apparel,0,0,2,1,0
12319255 - NIKE Mens Detroit Lions Ndamukong Suh Game Team Color Jersey,12319255,NFL Apparel,0,0,0,0,1
12319271 - NIKE Womens San Francisco 49ers Patrick Willis Game Team Color Jersey,12319271,NFL Apparel,0,0,0,0,1
12326543 - NIKE Womens Carolina Panthers Cam Newton Game Team Color Jersey,12326543,NFL Apparel,0,0,0,0,0
12667823 - Nike Youth San Francisco 49ers Frank Gore Game Team Jersey,12667823,NFL Apparel,0,0,0,3,3
12667824 - Nike Youth Green Bay Packers Aaron Rodgers Game Jersey,12667824,NFL Apparel,1,2,2,2,6
12667826 - Nike Youth New Orleans Saints Drew Brees Game Jersey,12667826,NFL Apparel,0,0,0,0,0
12667845 - Nike Youth Cincinnati Bengals Andy Dalton Game Jersey,12667845,NFL Apparel,0,0,0,0,0
12667864 - NIKE Youth New Orleans Saints Jimmy Graham Game Team Color Jersey,12667864,NFL Apparel,1,0,1,0,0
12667873 - NIKE Youth Denver Broncos Von Miller Game Team Color Jersey,12667873,NFL Apparel,0,0,0,0,0
12668805 - Nike Youth New York Giants Eli Manning Game Jersey,12668805,NFL Apparel,0,0,1,1,3
12789354 - Nike Mens Chicago Bears Jay Cutler Limited Game Jersey,12789354,NFL Apparel,0,0,1,0,1
12789373 - Nike Mens San Diego Chargers Philip Rivers Limited Game Jersey,12789373,NFL Apparel,0,0,1,1,0
12871832 - Nike Mens Denver Broncos Peyton Manning Limited Game Jersey,12871832,NFL Apparel,0,0,3,0,1
12894432 - NIKE Womens Denver Broncos Peyton Manning Game Team Color Jersey,12894432,NFL Apparel,0,2,3,0,4
12894434 - Nike Mens Denver Broncos Peyton Manning Game Team Color Jersey,12894434,NFL Apparel,0,1,4,1,12
12947749 - Nike Mens Denver Broncos Peyton Manning Game Alternate Jersey,12947749,NFL Apparel,0,0,2,1,5
12960971 - Nike Youth Indianapolis Colts Andrew Luck Game Team Jersey,12960971,NFL Apparel,0,0,2,0,0
13012509 - NIKE Mens New York Giants Jason Pierre-Paul Game Team Color Jersey,13012509,NFL Apparel,0,1,4,1,0
13219683 - NIKE Womens Tampa Bay Buccaneers Basic Logo Short-Sleeve T-Shirt,13219683,NFL Apparel,0,1,0,0,3
13249233 - Nike Womens Oakland Raiders Darren McFadden Game Team Jersey,13249233,NFL Apparel,0,0,0,0,1
16404946 - Nike Womens Kansas City Chiefs Jamaal Charles Game Team Jersey,16404946,NFL Apparel,0,0,0,0,0
16567106 - Nike Mens Cincinnati Bengals Andy Dalton Game Team Color Jersey ,16567106,NFL Apparel,0,0,1,0,0
16572976 - Nike Mens New Orleans Saints Drew Brees Game Team Color Jersey ,16572976,NFL Apparel,0,1,0,0,1
16601356 - Nike Youth Chicago Bears Brandon Marshall Game Jersey,16601356,NFL Apparel,0,0,0,0,0
16605686 - NIKE Youth Baltimore Ravens Haloti Ngata Game Team Color Jersey,16605686,NFL Apparel,0,0,0,0,0
16605706 - NIKE Youth Kansas City Chiefs Jamaal Charles Game Team Color Jersey,16605706,NFL Apparel,0,1,1,0,0
16607336 - NIKE Mens San Diego Chargers Antonio Gates Game Team Color Jersey,16607336,NFL Apparel,0,0,0,0,0
16608796 - NIKE Mens Houston Texans Andre Johnson Game Team Color Jersey,16608796,NFL Apparel,0,0,0,0,4
16610726 - Nike Mens Green Bay Packers Aaron Rodgers Game Team Color Jersey ,16610726,NFL Apparel,0,0,3,1,16
16643236 - Nike Mens Arizona Cardinals Larry Fitzgerald Game Team Color Jersey ,16643236,NFL Apparel,0,0,0,0,0
16920846 - Nike Mens New York Giants Eli Manning Game Team Color Jersey ,16920846,NFL Apparel,0,0,0,0,4
16921106 - NIKE Mens San Diego Chargers Philip Rivers Game Team Color Jersey,16921106,NFL Apparel,0,0,0,0,1
16921176 - NIKE Mens San Diego Chargers Ryan Mathews Game Team Color Jersey,16921176,NFL Apparel,0,1,0,0,2
16921646 - NIKE Mens Green Bay Packers Clay Matthews Game Team Color Jersey,16921646,NFL Apparel,0,1,0,0,2
16928486 - NIKE Mens Kansas City Chiefs Eric Berry Game Team Color Jersey,16928486,NFL Apparel,0,0,1,0,0
16932906 - NIKE Mens Green Bay Packers Aaron Rodgers Game White Jersey,16932906,NFL Apparel,0,0,0,0,0
16933846 - NIKE Womens Green Bay Packers Aaron Rodgers Game Team Color Jersey,16933846,NFL Apparel,0,0,1,1,8
17005956 - NIKE Womens Washington Redskins Robert Griffin III Game Team Color Jersey,17005956,NFL Apparel,0,0,0,1,0
17008536 - NIKE Womens Detroit Lions Calvin Johnson Game Team Color Jersey,17008536,NFL Apparel,0,0,0,0,0
17015956 - NIKE Mens New York Giants Victor Cruz Game Team Color Jersey,17015956,NFL Apparel,0,3,0,2,2
17015996 - Nike Mens Philadelphia Eagles LeSean McCoy Game Team Color Jersey ,17015996,NFL Apparel,0,0,0,0,0
17016186 - NIKE Mens Cincinnati Bengals AJ Green Game Team Color Jersey,17016186,NFL Apparel,0,0,0,0,1
17028786 - NIKE Mens Washington Redskins Robert Griffin III Game Team Color Jersey,17028786,NFL Apparel,0,0,0,3,2
17032466 - Nike Womens Indianapolis Colts Andrew Luck Game Team Jersey,17032466,NFL Apparel,0,0,1,1,0
17080046 - Nike Womens New Orleans Saints Drew Brees Game Team Jersey,17080046,NFL Apparel,0,0,0,0,0
17091216 - Nike Womens New England Patriots Rob Gronkowski Game Team Jersey,17091216,NFL Apparel,0,0,0,3,0
17091256 - NIKE Womens New York Jets Santonio Holmes Game Team Color Jersey,17091256,NFL Apparel,0,0,0,0,0
17288566 - Nike Womens Seattle Seahawks Russell Wilson Game Team Jersey,17288566,NFL Apparel,0,2,2,0,4
17442216 - Nike Mens Seattle Seahawks Marshawn Lynch Game White Jersey ,17442216,NFL Apparel,0,0,0,0,0
17442366 - NIKE Womens Tennessee Titans Script Tri-Blend T-Shirt,17442366,NFL Apparel,0,0,0,0,0
17589156 - NFL Team Apparel Youth New York Jets Mark Sanchez Race To The Top Short-Sleeve T-Shirt,17589156,NFL Apparel,0,0,1,0,0
17650196 - Antigua Mens San Francisco 49ers Elite Desert Dry Xtra-Lite Moisture Management Pique Pol,17650196,NFL Apparel,0,1,0,0,1
17650336 - Antigua Mens New York Giants Esteem Cotton/Polyester Box Pattern Yarn Dye Stripe Dress Sh,17650336,NFL Apparel,0,0,0,1,0
17650356 - Antigua Mens Green Bay Packers Esteem Cotton/Polyester Box Pattern Yarn Dye Stripe Dress,17650356,NFL Apparel,0,0,1,0,2
17650596 - Antigua Mens Chicago Bears Focus Cotton/Polyester Woven Mini Check Button Down Shirt,17650596,NFL Apparel,0,1,0,0,0
17650656 - Antigua Mens New England Patriots Focus Cotton/Polyester Woven Mini Check Button Down Shi,17650656,NFL Apparel,0,0,0,1,2
17650756 - Antigua Mens New England Patriots Pique Xtra LiteDesert Dry Moisture Management Polo,17650756,NFL Apparel,0,0,1,1,3
17651056 - Antigua Mens New England Patriots Exceed Desert Dry Xtra Lite Moisture Management White P ,17651056,NFL Apparel,3,3,0,1,1
17673286 - Antigua Womens Green Bay Packers Spark 100% Cotton Washed Jersey 6 Button Polo,17673286,NFL Apparel,0,0,1,1,0
17674706 - Nike Womens Atlanta Falcons Julio Jones Game Jersey,17674706,NFL Apparel,0,0,0,0,0
17716536 - Antigua Womens Chicago Bears Elite Desert Dry Xtra-Lite Moisture Management Pique Polo,17716536,NFL Apparel,0,1,0,0,0
17791556 - Antigua Mens Pittsburgh Steelers Esteem Cotton/Polyester Box Pattern Yarn Dye Stripe Dress Shirt ,17791556,NFL Apparel,0,0,1,0,0
17881166 - Nike Mens Chicago Bears Brandon Marshall Game White Jersey ,17881166,NFL Apparel,0,0,0,0,0
18030046 - Nike Mens Pittsburgh Steelers Troy Polamalu Limited Game Jersey,18030046,NFL Apparel,0,0,0,0,0
18030066 - Nike Mens Atlanta Falcons Julio Jones Limited Game Jersey,18030066,NFL Apparel,0,0,0,1,1
18082226 - Nike Youth Baltimore Ravens Torrey Smith Game Team Jersey,18082226,NFL Apparel,0,0,0,0,1
18167376 - Nike Mens Baltimore Ravens Terrell Suggs Game Team Jersey,18167376,NFL Apparel,0,0,1,0,1
18167446 - Nike Mens New York Giants Eli Manning Elite On Field Jersey,18167446,NFL Apparel,0,0,0,2,1
18168736 - Nike Mens Houston Texans J.J. Watt Game Jersey,18168736,NFL Apparel,0,0,1,0,7
18213096 - Nike Mens Washington Redskins Alfred Morris Game Team Color Jersey ,18213096,NFL Apparel,0,0,1,0,0
18229866 - NIKE Womens Cincinnati Bengals A.J. Green Game Team Color Jersey,18229866,NFL Apparel,0,0,0,1,0
18489196 - Antigua Womens Arizona Cardinals Spark 100% Cotton Washed Jersey 6 Button Polo,18489196,NFL Apparel,0,1,2,0,0
18489336 - Antigua Womens Detroit Lions Spark 100% Cotton Washed Jersey 6 Button White Polo,18489336,NFL Apparel,0,0,1,1,0
18489406 - Antigua Womens St. Louis Rams Spark 100% Cotton Washed Jersey 6 Button Polo,18489406,NFL Apparel,0,0,1,1,0
18489456 - Antigua Womens Seattle Seahawks Spark 100% Cotton Washed Jersey 6 Button Polo,18489456,NFL Apparel,0,0,0,1,0
18489506 - Antigua Womens Tennessee Titans Spark 100% Cotton Washed Jersey 6 Button White Polo,18489506,NFL Apparel,0,1,1,0,0
18577766 - Nike Mens Indianapolis Colts Andrew Luck Elite On Field Jersey,18577766,NFL Apparel,0,0,2,0,0
18577796 - Nike Mens Pittsburgh Steelers Ben Roethlisberger Elite On Field Jersey,18577796,NFL Apparel,0,0,0,1,1
18590256 - Nike Youth Pittsburgh Steelers Ben Roethlisberger Game Team Jersey - Ages 4-7,18590256,NFL Apparel,0,0,2,0,0
18595126 - Antigua Mens Buffalo Bills Exceed Desert Dry Xtra Lite Moisture Management White Pique Polo ,18595126,NFL Apparel,0,1,0,0,0
18615746 - Antigua Mens Kansas City Chiefs Esteem Cotton/Polyester Box Pattern Yarn Dye Stripe Dress Shirt ,18615746,NFL Apparel,0,0,1,0,0
18615756 - Antigua Mens San Diego Chargers Esteem Cotton/Polyester Box Pattern Yarn Dye Stripe Dress Shirt ,18615756,NFL Apparel,0,1,0,0,0
18615766 - Antigua Mens Arizona Cardinals Esteem Cotton/Polyester Box Pattern Yarn Dye Stripe Dress,18615766,NFL Apparel,0,0,0,1,0
18631056 - Antigua Mens Atlanta Falcons Esteem Cotton/Polyester Box Pattern Yarn Dye Stripe Dress Shirt ,18631056,NFL Apparel,0,0,1,0,0
18659546 - Antigua Mens St. Louis Rams Elite Desert Dry Xtra-Lite Moisture Management Pique Polo,18659546,NFL Apparel,1,0,0,0,0
18659726 - Antigua Mens Seattle Seahawks Pique Xtra Lite Desert Dry Moisture Management Polo,18659726,NFL Apparel,0,1,0,0,1
18681366 - Nike Mens San Francisco 49ers Colin Kaepernick Game Team Jersey,18681366,NFL Apparel,0,0,2,2,1
18681406 - Nike Womens San Francisco 49ers Colin Kaepernick Game Team Jersey,18681406,NFL Apparel,1,0,0,0,5
19629436 - Nike Mens Seattle Seahawks Earl Thomas III Game Team Jersey ,19629436,NFL Apparel,0,1,0,0,0
19966686 - Nike Mens Miami Dolphins Ryan Tannehill Game Team Jersey ,19966686,NFL Apparel,0,0,0,0,10
20141926 - Nike Mens Jacksonville Jaguars Maurice Jones-Drew Game Team Jersey ,20141926,NFL Apparel,0,0,0,0,0
20463736 - Nike Youth Detroit Lions Reggie Bush Game Team Jersey,20463736,NFL Apparel,0,0,2,0,0
20573546 - Nike Womens San Francisco 49ers Colin Kaepernick Game White Jersey ,20573546,NFL Apparel,1,0,0,0,0
20721796 - NFL Team Apparel Youth San Diego Chargers Reflection Short-Sleeve T-Shirt,20721796,NFL Apparel,0,0,1,0,0
20744946 - Nike Mens San Francisco 49ers Colin Kaepernick Game White Jersey ,20744946,NFL Apparel,0,0,0,0,0
21400156 - Nike Mens Buffalo Bills E.J. Manuel Game Team Jersey,21400156,NFL Apparel,0,0,1,0,0
21400166 - Nike Mens St. Louis Rams Tavon Austin Game Team Jersey,21400166,NFL Apparel,0,0,0,0,0
22172396 - STARTER Mens Chicago Bears Team Color 2013 Satin Starter Jacket,22172396,NFL Apparel,0,0,0,1,16
22172456 - STARTER Mens New York Giants Team Color 2013 Satin Starter Jacket,22172456,NFL Apparel,0,0,1,0,35
22388216 - Nike Mens Atlanta Falcons Steven Jackson Game Team Jersey ,22388216,NFL Apparel,0,0,0,0,0
24192396 - Nike Mens Arizona Cardinals Carson Palmer Game Team Jersey,24192396,NFL Apparel,0,0,1,0,0
24495186 - Nike Mens Miami Dolphins Mike Wallace Game White Jersey,24495186,NFL Apparel,0,0,0,0,2
24944576 - NIKE Mens Chicago Bears Dri-FIT Hypercool Speed Short-Sleeve T-Shirt,24944576,NFL Apparel,0,0,0,0,1
24944726 - NIKE Mens San Francisco 49ers Dri-FIT Hypercool Speed Short-Sleeve T-Shirt,24944726,NFL Apparel,0,0,0,0,1
24944846 - NIKE Mens Seattle Seahawks Dri-FIT Legend Icon Short-Sleeve T-Shirt,24944846,NFL Apparel,0,0,0,0,4
24945196 - NIKE Womens Denver Broncos Dri-FIT Legend Logo V-Neck Short-Sleeve T-Shirt,24945196,NFL Apparel,0,0,0,1,4
24945306 - NIKE Womens Pittsburgh Steelers Dri-FIT Legend Logo V-Neck Short-Sleeve T-Shirt,24945306,NFL Apparel,0,0,2,0,1
24945356 - NIKE Womens Washington Redskins Dri-FIT Legend Logo V-Neck Short-Sleeve T-Shirt,24945356,NFL Apparel,0,0,2,0,0
24945436 - NIKE Mens Chicago Bears Legend Just Do It Dri-FIT Short-Sleeve T-Shirt,24945436,NFL Apparel,0,0,0,0,3
24980136 - NIKE Womens New Orleans Saints Dri-FIT Legend Logo V-Neck Short-Sleeve T-Shirt,24980136,NFL Apparel,0,0,0,0,0
25009596 - NIKE Womens New York Jets Fan Top V-Neck Short-Sleeve T-Shirt,25009596,NFL Apparel,0,0,0,0,0
25009696 - NIKE Womens Kansas City Chiefs Fan Top V-Neck Short-Sleeve T-Shirt,25009696,NFL Apparel,0,0,0,0,2
25010456 - NIKE Mens San Francisco 49ers Dri-FIT Preseason Polo,25010456,NFL Apparel,0,0,0,1,1
28880336 - Nike Mens New York Jets Muhammad Wilkerson Game Team Jersey,28880336,NFL Apparel,0,0,0,0,0
29394326 - NIKE Womens Chicago Bears V-Neck Short-Sleeve Fan Top,29394326,NFL Apparel,0,0,1,0,1
29394356 - NIKE Womens Denver Broncos V-Neck Fan Top,29394356,NFL Apparel,0,0,0,0,1
29394436 - NIKE Womens Philadelphia Eagles V-Neck Fan Top,29394436,NFL Apparel,0,0,0,0,0
29431656 - NIKE Womens New Orleans Saints V-Neck Fan Top ,29431656,NFL Apparel,0,0,0,0,0
29432476 - NIKE Womens Philadelphia Eagles Upkilter Tri-Blend V-Neck Short-Sleeve T-Shirt,29432476,NFL Apparel,0,0,1,1,0
29432546 - NIKE Womens Carolina Panthers Upkilter Tri-Blend V-Neck Short-Sleeve T-Shirt,29432546,NFL Apparel,0,0,0,0,0
29432556 - NIKE Womens New England Patriots Upkilter Tri-Blend V-Neck Short-Sleeve T-Shirt,29432556,NFL Apparel,0,0,0,0,2
29432646 - NIKE Womens Minnesota Vikings Upkilter Tri-Blend V-Neck Short-Sleeve T-Shirt,29432646,NFL Apparel,0,0,0,0,0
29432676 - NIKE Womens San Francisco 49ers Take It Long Long-Sleeve Top,29432676,NFL Apparel,0,0,0,0,0
29432846 - NIKE Womens Detriot Lions Take It Long Long-Sleeve Top,29432846,NFL Apparel,0,0,1,0,0
29432916 - NIKE Womens New Orleans Saints Take It Long Long-Sleeve Top,29432916,NFL Apparel,0,0,0,0,0
29432966 - NIKE Womens San Francisco 49ers Rewind Script V-Neck Long-Sleeve T-Shirt,29432966,NFL Apparel,0,0,1,0,1
29433356 - NIKE Womens Denver Broncos Tri-Blend Raglan T-Shirt,29433356,NFL Apparel,0,0,1,0,0
29433396 - NIKE Womens New York Giants Tri-Blend Raglan T-Shirt,29433396,NFL Apparel,0,0,1,0,0
29433576 - NIKE Womens Chicago Bears Breast Cancer Awareness Tri-Blend Raglan Top,29433576,NFL Apparel,0,0,0,0,0
29433716 - NIKE Womens New York Giants Breast Cancer Awareness Tri-Blend Raglan Top,29433716,NFL Apparel,0,0,0,0,0
29531556 - Nike Womens Baltimore Ravens Rewind Rally Funnel Hoodie,29531556,NFL Apparel,0,0,0,0,NA
29532016 - Nike Mens Arizona Cardinals Legend Icon Dri-FIT Short-Sleeve T-Shirt ,29532016,NFL Apparel,0,0,0,0,1
29532086 - NIKE Mens New York Jets Legend Icon Dri-FIT Short-Sleeve T-Shirt,29532086,NFL Apparel,0,0,0,0,1
29532266 - NIKE Mens Chicago Bears Legend Jock Tag Dri-FIT Short-Sleeve T-Shirt,29532266,NFL Apparel,0,0,0,0,4
29532456 - NIKE Mens New England Patriots Legend Jock Tag Dri-FIT Short-Sleeve T-Shirt,29532456,NFL Apparel,0,0,1,0,3
29562316 - NIKE Mens Baltimore Ravens Legend Warp Speed Dri-FIT Short-Sleeve T-Shirt,29562316,NFL Apparel,0,1,0,0,0
29562416 - NIKE Mens Kansas City Chiefs Legend Warp Speed Dri-FIT Short-Sleeve T-Shirt,29562416,NFL Apparel,0,0,0,0,0
29562556 - NIKE Mens Washington Redskins Legend Warp Speed Dri-FIT Short-Sleeve T-Shirt,29562556,NFL Apparel,0,0,0,0,0
29562666 - NIKE Mens Chicago Bears Practice Legend Short-Sleeve T-Shirt,29562666,NFL Apparel,0,0,0,0,0
29562756 - NIKE Mens Indianapolis Colts Practice Legend Dri-FIT Short-Sleeve T-Shirt,29562756,NFL Apparel,0,0,0,0,1
29562956 - NIKE Mens Baltimore Ravens Denver Broncos Ticket Logo Long-Sleeve T-Shirt,29562956,NFL Apparel,0,0,0,0,0
29563176 - NIKE Mens Cincinnati Bengals Retro Logo Short-Sleeve T-Shirt,29563176,NFL Apparel,0,0,0,0,2
29563606 - NIKE Mens Philadelphia Eagles Dri-FIT Staff Polo,29563606,NFL Apparel,0,0,1,0,0
29563886 - NIKE Mens Baltimore Ravens Tri-Blend Big Play Raglan Short-Sleeve T-Shirt,29563886,NFL Apparel,0,1,0,0,1
29563936 - NIKE Mens Cincinnati Bengals Tri-Blend Big Play Raglan Short-Sleeve T-Shirt,29563936,NFL Apparel,0,0,0,0,1
29564236 - Nike Mens Denver Broncos Rewind Football Short-Sleeve T-Shirt,29564236,NFL Apparel,0,0,0,0,1
29564276 - NIKE Mens New York Giants Rewind Footbal Short-Sleeve T-Shirt,29564276,NFL Apparel,0,0,0,0,0
29564376 - NIKE Mens Houston Texans Rewind Footbal Short-Sleeve T-Shirt,29564376,NFL Apparel,0,0,0,1,0
29598156 - NIKE Mens Minnesota Vikings Warp Speed Dri-FIT Full-Zip Jacket,29598156,NFL Apparel,0,0,1,0,0
29632116 - NIKE Mens Houston Texans Speed Logo Therma-FIT KO Performance Pants,29632116,NFL Apparel,0,0,1,0,0
29632206 - NIKE Mens Cincinnati Bengals Rewind Lock Up Short-Sleeve T-Shirt,29632206,NFL Apparel,0,0,0,0,0
29671696 - NIKE Mens San Francisco 49ers Club Rewind Pullover Hoody,29671696,NFL Apparel,0,0,0,0,3
29671726 - Nike Mens Tampa Bay Buccaneers Club Rewind Pullover Hoodie,29671726,NFL Apparel,0,1,0,0,0
29671756 - NIKE Mens Kansas City Chiefs Club Rewind Pullover Hoody,29671756,NFL Apparel,0,0,0,0,0
29829486 - NIKE Womens Indianapolis Colts Andrew Luck Starters Only Name And Number T-Shirt,29829486,NFL Apparel,0,0,0,0,1
29829576 - NIKE Womens Pittsburgh Steelers Troy Polamalu Starters Only Name And Number T-Shirt,29829576,NFL Apparel,0,0,0,0,1
29829656 - NIKE Womens Atlanta Falcons Matt Ryan Starters Only Name And Number T-Shirt,29829656,NFL Apparel,0,0,0,0,0
29829686 - Nike Mens Baltimore Ravens Haloti Ngata Game Team Jersey,29829686,NFL Apparel,0,0,0,0,3
29880646 - Nike Mens Indianapolis Colts Robert Mathis Game Team Jersey,29880646,NFL Apparel,0,0,0,0,0
29880656 - Nike Mens Green Bay Packers Eddie Lacy Game Team Jersey,29880656,NFL Apparel,0,0,0,0,1
29880776 - NIKE Womens Kansas City Chiefs Rewind Rally Funnel Hoody,29880776,NFL Apparel,0,0,0,0,0
29880856 - NIKE Womens Detriot Lions Rewind Rally Funnel Hoody,29880856,NFL Apparel,0,0,0,0,0
29928346 - Nike Mens Denver Broncos Wes Welker Game Alternate Jersey,29928346,NFL Apparel,0,0,0,0,0
29928446 - Nike Womens New Orleans Saints Jimmy Graham Game Team Jersey,29928446,NFL Apparel,0,0,0,0,0
30876076 - Nike Mens Baltimore Ravens Torrey Smith Game Team Jersey,30876076,NFL Apparel,0,0,0,1,0
31442676 - Nike Mens San Francisco 49ers Michael Crabtree Game Team Jersey,31442676,NFL Apparel,0,0,0,0,1
32799066 - Antigua Miami Dolphins Mens Icon Polo,32799066,NFL Apparel,0,1,0,0,8
32799566 - Antigua Minnesota Vikings Mens Icon Polo,32799566,NFL Apparel,0,0,1,0,2
33801546 - NFL Team Apperal Youth Tampa Bay Buccaneers Primary Logo Short-Sleeve T-Shirt,33801546,NFL Apparel,0,0,1,0,0
33932496 - NIKE Mens Tampa Bay Buccaneers Legend Icon Short-Sleeve T-Shirt,33932496,NFL Apparel,0,0,0,0,3
34443296 - Nike Mens Denver Broncos DeMarcus Ware Game Team Jersey,34443296,NFL Apparel,0,2,0,0,0
34443316 - Nike Mens New York Jets Eric Decker Game Team Jersey,34443316,NFL Apparel,1,0,0,0,3
34450386 - Nike Youth Denver Broncos DeMarcus Ware Game Team Jersey,34450386,NFL Apparel,0,0,0,0,0
34467096 - Nike Mens Tampa Bay Buccaneers Vincent Jackson Game Team Jersey,34467096,NFL Apparel,1,0,0,0,1
34576166 - Nike Mens San Francisco 49ers Colin Kaepernick Limited Salute To Service Game Jersey,34576166,NFL Apparel,0,0,1,1,1
34576216 - Nike Mens New Orleans Saints Drew Brees Limited Salute To Service Game Jersey,34576216,NFL Apparel,0,0,0,1,1
34936766 - NFL Team Apparel Youth Houston Texans Shatter Mark Team Color T-Shirt,34936766,NFL Apparel,0,1,0,0,0
35155956 - NFL Team Apparel New Orleans Saints Shatter Mark T-Shirt,35155956,NFL Apparel,0,0,1,0,0
35242566 - NFL Team Apparel Youth Philadelphia Eagles Flex Performance Pullover Hoodie,35242566,NFL Apparel,0,0,1,0,1
35419586 - NFL Team Apparel Infant Girls Green Bay Packers Dazzled Bodysuit,35419586,NFL Apparel,0,1,0,0,0
35420076 - G-III Womens New York Giants Playclock Hoodie,35420076,NFL Apparel,0,0,0,1,1
35420106 - G-III Womens San Francisco 49ers Franchise Pants,35420106,NFL Apparel,0,0,1,0,1
35661386 - Touch By Alyssa Milano Womens Seattle Seahawks Morgan Short-Sleeve T-Shirt,35661386,NFL Apparel,0,0,0,0,4
35661526 - Touch By Alyssa Milano Womens Detroit Lions Morgan T-Shirt,35661526,NFL Apparel,0,0,0,0,0
35691066 - G-III Womens Cincinnati Bengals Scout Short-Sleeve T-Shirt,35691066,NFL Apparel,1,0,0,0,1
35691286 - G-III Womens Pittsburgh Steelers Home Game Tank,35691286,NFL Apparel,0,0,0,0,0
37677706 - NIKE Mens Cleveland Browns Johnny Manziel Johnny Football Short-Sleeve T-Shirt,37677706,NFL Apparel,2,0,0,0,0
37777526 - Nike Mens Houston Texans Jadeveon Clowney Game Team Jersey,37777526,NFL Apparel,1,0,0,0,0
37777536 - Nike Mens Jacksonville Jaguars Blake Bortles Game Team Jersey,37777536,NFL Apparel,0,0,0,0,2
37834406 - Nike Mens St. Louis Rams Michael Sam Game Team Jersey ,37834406,NFL Apparel,0,0,0,0,0
37976296 - Nike Youth Cleveland Browns Johnny Manziel Game Team Jersey,37976296,NFL Apparel,0,0,0,0,0
41815976 - Nike Womens Washington Redskins DeSean Jackson Game Team Jersey,41815976,NFL Apparel,0,0,0,0,0
42405896 - COLLEGE CONCEPTS INC. Mens Pittsburgh Steelers Insider Pants,42405896,NFL Apparel,0,0,1,0,0
42405906 - COLLEGE CONCEPTS INC. Mens Minnesota Vikings Insider Pants,42405906,NFL Apparel,0,0,1,0,0
42405936 - COLLEGE CONCEPTS INC. Mens Houston Texans Insider Pants,42405936,NFL Apparel,0,0,0,1,0
42406056 - College Concepts Mens Green Bay Packers Ramble Pants,42406056,NFL Apparel,0,0,1,0,1
42406066 - College Concepts Mens New England Patriots Ramble Pants,42406066,NFL Apparel,0,0,1,1,0
43202706 - Nike Mens Philadelphia Eagles Jeremy Maclin Game Team Jersey ,43202706,NFL Apparel,0,0,0,0,0
43202716 - Nike Mens Philadelphia Eagles Nick Foles Game Alternate Jersey,43202716,NFL Apparel,0,0,0,0,0
43202736 - Nike Mens Chicago Bears Jared Allen Game Team Jersey,43202736,NFL Apparel,0,0,0,1,0
43212456 - Starter Mens Denver Broncos Alternate Satin Jacket,43212456,NFL Apparel,0,0,0,1,13
43558396 - Starter Mens New York Jets Satin Jacket,43558396,NFL Apparel,0,0,0,1,3
43997326 - Nike Womens Washington Redskins Alfred Morris Game Team Jersey,43997326,NFL Apparel,0,0,0,0,0
46208386 - Nike Mens Denver Broncos T.J. Ward Game Team Jersey,46208386,NFL Apparel,0,1,1,0,0
46493396 - G-III Womens San Francisco 49ers Team Captain Short-Sleeve T-Shirt,46493396,NFL Apparel,0,0,1,0,0
46493456 - G-III Womens Miami Dolphins Team Captain Short-Sleeve T-Shirt,46493456,NFL Apparel,0,0,0,0,0
46618406 - Nike Womens Carolina Panthers Cam Newton Game White Jersey,46618406,NFL Apparel,0,0,1,0,1
46618426 - Nike Mens Green Bay Packers Julius Peppers Game Team Jersey,46618426,NFL Apparel,0,0,0,0,0
46881876 - Nike Mens Seattle Seahawks Fast Logo Short-Sleeve T-Shirt,46881876,NFL Apparel,0,0,0,1,2
46881886 - Nike Womens Seattle Seahawks Faster Tri-Blend Short-Sleeve V-Neck,46881886,NFL Apparel,0,0,0,0,1
49227936 - Antigua Mens Philadelphia Eagles Illusion Short Sleeve Polo,49227936,NFL Apparel,0,0,1,0,0
49243256 - NFL Team Apparel Youth Atlanta Falcons Matt Ryan Name And Number Short-Sleeve T-Shirt,49243256,NFL Apparel,0,0,0,1,0
49243296 - NFL Team Apparel Youth Denver Broncos Julius Thomas Name And Number Short-Sleeve T-Shirt,49243296,NFL Apparel,0,0,1,0,0
49573246 - Antigua Mens Buffalo Bills Flight Full Zip Jacket,49573246,NFL Apparel,1,0,0,0,3
49619846 - Antigua Mens San Francisco 49ers Flight Full Zip Jacket,49619846,NFL Apparel,0,0,1,0,0
49847716 - Nike Mens Seattle Seahawks Steven Hauschka Game Team Jersey,49847716,NFL Apparel,0,0,1,0,1
49969966 - Nike Mens Minnesota Vikings Cordarelle Patterson Game Team Jersey,49969966,NFL Apparel,0,0,0,0,0
49970136 - Nike Mens Seattle Seahawks Speed Word Performance Hoodie,49970136,NFL Apparel,0,0,1,0,8
51197566 - Nike Mens New England Patriots Tom Brady Game Jersey,51197566,NFL Apparel,0,1,3,1,24
51197626 - Nike Mens New England Patriots Rob Gronkowski Game Jersey,51197626,NFL Apparel,0,0,0,0,8
51374066 - Nike Mens Philadelphia Eagles Performance KO Wordmark Essential Hoodie,51374066,NFL Apparel,0,0,0,0,0
51448756 - Nike Mens San Diego Chargers Legend Team Just Do It Short-Sleeve T-Shirt ,51448756,NFL Apparel,0,0,0,1,0
51448926 - Nike Mens New England Patriots Julian Edelman Game Team Jersey,51448926,NFL Apparel,0,0,0,0,9
52155836 - NFL Team Apparel Youth Denver Broncos Peyton Manning Touchdown Record Short-Sleeve T-Shir,52155836,NFL Apparel,0,0,1,0,1
52155906 - Nike Youth Philadelphia Eagles Darren Sproles Game Jersey,52155906,NFL Apparel,0,0,0,0,1
53311266 - Forever Collectibles Mens Chicago Bears Busy Block Ugly Sweater,53311266,NFL Apparel,0,0,0,0,1
53433056 - Forever Collectibles Mens New Orleans Saints Busy Block Ugly Sweater,53433056,NFL Apparel,0,0,0,0,0
53433086 - Forever Collectibles Mens Washington Redskins Busy Block Ugly Sweater,53433086,NFL Apparel,0,0,0,0,0
56806806 - Nike Mens New England Patriots Speed Wordmark Performance Hoodie,56806806,NFL Apparel,0,0,0,0,1
56945016 - Nike Mens Seattle Seahawks Richard Sherman Game Jersey,56945016,NFL Apparel,0,0,0,0,4
56945036 - Nike Mens Seattle Seahawks Fast Wordmark Short-Sleeve T-Shirt,56945036,NFL Apparel,0,0,0,0,2
57112406 - G-III Womens Seattle Seahawks Wildcat Full-Zip Hoodie,57112406,NFL Apparel,0,0,0,1,0
57313036 - Nike Mens Seattle Seahawks 2014 NFC Conference Champions Locker Room Short-Sleeve T-Shirt,57313036,NFL Apparel,0,0,0,0,16
57463906 - Nike Mens New England Patriots Fast Logo Short-Sleeve T-Shirt,57463906,NFL Apparel,0,0,0,1,4
57860156 - NFL Team Apparel Youth New England Patriots Super Bowl XLIX Champions Locker Room T-Shirt,57860156,NFL Apparel,0,0,0,3,4
58205246 - Antigua Mens New England Patriots Super Bowl XLIX Leader Pullover Jacket,58205246,NFL Apparel,0,0,0,1,0
58205266 - Antigua Mens New England Patriots Super Bowl XLIX Pique Xtra Lite Polo,58205266,NFL Apparel,0,0,0,1,0
58234176 - Antigua Womens New England Patriots Super Bowl XLIX Delta Pullover Shirt,58234176,NFL Apparel,0,0,0,1,1
58234196 - Antigua Womens New England Patriots Super Bowl XLIX Leader Jacket,58234196,NFL Apparel,0,0,0,1,0
58699776 - Nike Womens New England Patriots Julian Edelman Game Team Jersey,58699776,NFL Apparel,0,0,1,0,1
215465 - Jugs Curveball Pitching Machine,215465,Training Aid,1,0,0,1,0
219318 - Jugs Lite Flite Softballs by the Dozen,219318,Training Aid,1,0,0,0,4
240176 - Jugs Softball Pitching Machine,240176,Training Aid,0,1,1,1,0
240178 - Jugs Football Machine,240178,Training Aid,0,0,1,0,0
295140 - Jugs Jr. Baseball Pitching Machine,295140,Training Aid,0,1,0,0,0
400066 - Jugs Hitting Tee,400066,Training Aid,4,3,2,1,8
429870 - Kwik Goal AFR-2 Soccer Rebounder (5 x 10)- Single,429870,Training Aid,0,0,0,1,2
713863 - Franklin Tournament Soccer Rebounder (6 x 12),713863,Training Aid,0,2,0,0,24
768185 - Kwik Goal Kwik Back Rebounder (4 x 5)-Single,768185,Training Aid,0,0,1,1,2
943799 - Jugs Pitching Machine Cover,943799,Training Aid,1,0,0,0,0
946639 - Mylec Sharp Shooter Pro 72 Inch Hockey Target,946639,Training Aid,0,2,0,1,5
973979 - Kwik Goal Soccer Coaching Sticks,973979,Training Aid,1,1,0,0,2
1029920 - Dirx 96 Ounce Warm Up Bat by Schutt,1029920,Training Aid,0,1,0,2,0
1268954 - Kwik Goal Speed Training Rings (Set of 12),1268954,Training Aid,0,0,1,0,2
1271188 - Jugs Lite Flite Pitching Machine,1271188,Training Aid,5,6,4,9,1
1744375 - Champion Sports Speed & Agility Ladder,1744375,Training Aid,2,0,0,0,2
1744377 - Champion Sports Hurdle Cone Set,1744377,Training Aid,0,1,2,0,2
1852220 - Franklin MLB 3 Position Batting Tee,1852220,Training Aid,2,1,4,2,4
1928240 - Gill Athletics Web Agility Ladder,1928240,Training Aid,1,0,0,0,13
1953854 - Tandem Sport Volleyball Pass Rite,1953854,Training Aid,2,2,6,5,4
1953856 - Tandem Sport Volleyball Pal,1953856,Training Aid,1,7,7,14,14
2031440 - Pro-Down Collegiate Football Shield,2031440,Training Aid,0,6,8,2,2
2137763 - Wilson Pro Kick,2137763,Training Aid,1,1,2,1,0
2161061 - PUGG 4 Footer Portable Soccer Training Goals and Bag - Pair,2161061,Training Aid,10,10,20,7,15
2467335 - SKLZ Target Swing Trainer - Softball,2467335,Training Aid,1,0,1,3,13
2524846 - Franklin 2-IN-Trainer Pitch Target & Return,2524846,Training Aid,19,16,13,17,25
2674373 - Jugs Lite Flite 18 Baseball Ball Feeder,2674373,Training Aid,1,2,0,1,0
2747797 - Jugs Softball Machine with Transport Cart,2747797,Training Aid,0,1,0,1,0
2915695 - Mylec Ultra Pro Hockey Training Mat,2915695,Training Aid,0,0,0,1,5
2946540 - Pro Down Football Shiver Pads,2946540,Training Aid,0,1,0,0,5
2966466 - Trend Sports Base Hit Real Pitching Machine,2966466,Training Aid,2,0,0,0,18
2966467 - Trend Sports Power Alley Home Batting Cage,2966467,Training Aid,1,0,0,0,21
2966470 - Trend Sports Xtender 24 Home Batting Cage,2966470,Training Aid,2,0,0,0,5
3016748 - Jugs Small Ball Hitting Stick,3016748,Training Aid,0,0,0,1,0
3056604 - Trend Sports Xtender 48 Home Batting Cage,3056604,Training Aid,1,0,0,0,2
3056622 - Trend Sports Heater Combo Pitching Machine and Xtender 24 Batting Cage,3056622,Training Aid,1,0,0,0,3
3151979 - Tandem Volleyball Vertical Challenger,3151979,Training Aid,1,4,3,0,6
3151988 - Tandem Sport Volleyball Target Challenger,3151988,Training Aid,0,1,0,2,2
3151989 - Tandem Volleyball Spike Challenger,3151989,Training Aid,0,0,1,0,0
3499450 - Trend Sports Xtender 30 Home Batting Cage,3499450,Training Aid,1,1,0,2,1
3684195 - Pro-Down Varsity Kicking Net,3684195,Training Aid,3,2,3,1,1
3720792 - Jugs Field General Football Machine,3720792,Training Aid,0,1,0,0,0
3889342 - SKLZ 5-Position Batting Tee,3889342,Training Aid,1,2,3,4,24
3889344 - SKLZ Fast Pitch Reaction Ball,3889344,Training Aid,1,3,1,3,1
4054165 - SKLZ Shoot Around Rotatable Rapid Ball Return,4054165,Training Aid,3,11,7,3,8
4272818 - SKLZ Pitchback - Youth,4272818,Training Aid,8,11,13,7,13
4316881 - Nike Soccer Training Cones,4316881,Training Aid,1,1,0,4,44
10967768 - WARRIOR Monster Shooting Lacrosse Target,10967768,Training Aid,0,0,0,1,2
11129535 - Bownet Portable Big Mouth Soft Toss Baseball/Softball Net,11129535,Training Aid,23,29,24,33,112
11129536 - Bownet Portable Soft-Toss Baseball/Softball Net,11129536,Training Aid,2,1,0,2,4
11319077 - SKLZ Speed Chute,11319077,Training Aid,2,2,3,3,10
11319078 - SKLZ Quick Ladder,11319078,Training Aid,12,44,39,49,98
11555624 - SKLZ StarKick Solo Soccer Trainer,11555624,Training Aid,0,1,1,1,31
11654747 - SKLZ Football Agility Poles,11654747,Training Aid,1,5,4,4,42
11654748 - SKLZ Balanz Board,11654748,Training Aid,2,0,0,2,10
11654753 - SKLZ DRLZ Timer,11654753,Training Aid,2,1,0,2,2
11654756 - SKLZ Agility Cones,11654756,Training Aid,2,4,3,6,11
11654757 - SKLZ Speed Striker,11654757,Training Aid,1,1,2,1,2
11654759 - SKLZ Weighted Speed Rope,11654759,Training Aid,10,15,7,14,3
11853482 - SKLZ Lightning Bolt Pitching Machine,11853482,Training Aid,10,4,8,12,18
11853484 - SKLZ 5-Position Brush Tee,11853484,Training Aid,4,3,1,5,7
11853487 - SKLZ Quickster 7 x 7 Net,11853487,Training Aid,5,1,0,3,74
12122457 - Champion Sports Heavy Duty Sport Screen,12122457,Training Aid,10,26,15,15,3
12122471 - Champion Sports Lacrosse Goalie Weak Zone Shooting Target,12122471,Training Aid,6,2,3,4,15
12130892 - Champion Sports Football Mesh Pocket,12130892,Training Aid,0,1,0,0,0
12130904 - Champion Sports Speed & Agility Kit,12130904,Training Aid,0,1,0,2,3
12130905 - Champion Sports Passing Arc Set,12130905,Training Aid,0,0,0,1,0
12130912 - Champion Sports 6 Adjustable Training Hurdles,12130912,Training Aid,0,1,1,0,2
12148855 - SKLZ Catapult Soft Toss Machine,12148855,Training Aid,17,13,11,18,16
12969964 - Franklin All Sport Practice Net,12969964,Training Aid,2,2,0,0,0
12969982 - Franklin Professional Street Hockey Shooting Target,12969982,Training Aid,0,0,0,1,6
12969986 - Franklin 50 All Purpose Steel Goal,12969986,Training Aid,1,0,3,0,7
13225718 - Kwik Goal All - Surface Soccer and Tennis Game,13225718,Training Aid,2,4,2,6,0
13319993 - Bownet Pitching Screen,13319993,Training Aid,1,0,0,3,0
15564436 - BUSHNELL Velocity Speed Gun,15564436,Training Aid,2,0,0,0,3
16044706 - SwingAway Bryce Harper MVP Batting Station Training Aid,16044706,Training Aid,18,19,15,15,72
18305716 - SKLZ Shockwave Pitchback Rebounder Net,18305716,Training Aid,6,4,6,10,52
18385876 - SKLZ Quickster Rep Net,18385876,Training Aid,6,3,3,2,5
18385886 - SKLZ Practice 7 Net,18385886,Training Aid,12,12,11,17,8
19980006 - RIDDELL Kicking Block,19980006,Training Aid,0,0,1,0,1
20047356 - Bownet Pitch Thru Screen,20047356,Training Aid,1,1,1,1,3
20449706 - Franklin MLB 2-in-1 Power Spring Swing Batting Tee,20449706,Training Aid,1,0,1,3,2
20449716 - Franklin MLB Pro-Elite Thin Bat Swing Trainer & Balls,20449716,Training Aid,1,2,1,0,6
21323946 - SKLZ Pop-Back Tee - Adjustable Height Batting Trainer,21323946,Training Aid,6,8,5,1,13
24022816 - SKLZ Basketball Shooting Target,24022816,Training Aid,0,0,1,0,6
24051196 - CLASSIC SPORT Adjustable Soccer Rebounder,24051196,Training Aid,0,1,0,0,11
29141426 - SKLZ Baseball Tee,29141426,Training Aid,5,7,5,10,30
29141466 - SKLZ Quickster 7 Baseball Combo,29141466,Training Aid,2,1,0,1,21
30437756 - Heater Sports Spring Away Pro 7x7 Pop-Up Net,30437756,Training Aid,1,0,0,0,3
30437786 - Heater Sports Flop Top Travel Tee,30437786,Training Aid,3,0,0,0,15
30494046 - Heater Sports Spring Away Tee & Big Play Net,30494046,Training Aid,1,0,0,0,5
30494056 - Heater Sports Spring Away Tee & 7 X 7 Pop-Up Net,30494056,Training Aid,1,0,0,0,2
32840576 - The Vortex by R.B.I. Baseball Swing Trainer,32840576,Training Aid,0,0,0,1,10
32840596 - ProVTee by R.B.I. Pro Batting Tee,32840596,Training Aid,1,0,0,0,3
32840616 - The Vortex by R.B.I. Baseball Hit Stick - Replacement,32840616,Training Aid,0,0,0,1,2
34128526 - SKLZ Spring Tee,34128526,Training Aid,1,0,0,0,10
35196416 - Franklin Sports All Sport 36 Insta Set Goal,35196416,Training Aid,0,1,0,0,43
41375696 - Zepp Baseball Swing Analyzer Kit,41375696,Training Aid,17,10,13,19,94
58583976 - DYG LZR-SHOT Lacrosse Accuracy Tool,58583976,Training Aid,0,0,0,1,1
61750616 - Franklin Sports MLS Soccer Goal Set,61750616,Training Aid,0,2,3,1,12
91412 - Jugs Jr. Baseball/Softball Pitching Machine,91412,Training Aid,1,2,0,0,0
91413 - Jugs Toss Machine,91413,Training Aid,3,5,0,5,0
91416 - Jugs Dimple Baseballs by the Dozen,91416,Training Aid,1,0,0,0,19
91417 - Jugs Dimple Softballs by the Dozen,91417,Training Aid,1,0,0,0,4
91420 - Jugs Instant Screen,91420,Training Aid,3,1,2,2,5
3770366 - LifeSpan TR200 Compact Treadmill,3770366,Treadmill,0,7,3,7,1
11059400 - Exerpeutic TF1000 Walk to Fitness Electric Treadmill,11059400,Treadmill,0,0,0,1,1
11837699 - Stamina Inmotion T900 Manual Treadmill,11837699,Treadmill,0,0,1,0,0
12241105 - Stamina Avari Magnetic Treadmill,12241105,Treadmill,6,6,9,3,0
12549772 - Exerpeutic 2000 Workfit High Capacity Desk Station Treadmill,12549772,Treadmill,6,7,11,7,0
15482146 - Pro-Form Power 995C Treadmill,15482146,Treadmill,7,7,9,8,19
23522816 - ProForm Performance 300 Treadmill,23522816,Treadmill,2,1,2,2,5
23522826 - ProForm Performance 400 Treadmill,23522826,Treadmill,0,1,1,1,22
23522846 - ProForm Power 995i Treadmill,23522846,Treadmill,5,12,14,22,23
34437706 - FreeMotion 860 treadmill,34437706,Treadmill,0,0,2,1,7
34437716 - FreeMotion 890 treadmill,34437716,Treadmill,0,0,1,4,5
43501196 - PROGEAR LX225 Cushion Deck Manual Treadmill with Additional Weight Capacity and Heart Rat,43501196,Treadmill,0,0,0,3,5
43870166 - EXERPEUTIC 100XL High Capacity Magnetic Resistance Manual Treadmill with Heart Pulse Syst,43870166,Treadmill,0,0,7,4,1
45699786 - Nautilus T614 Treadmill,45699786,Treadmill,0,0,0,13,17
45699796 - Nautilus T616 Treadmill,45699796,Treadmill,0,0,2,10,16
45701946 - Schwinn 830 Treadmill,45701946,Treadmill,0,0,1,9,2
45701956 - Schwinn 870 Treadmill,45701956,Treadmill,0,0,0,9,2
52137736 - FreeMotion 800 Treadmill,52137736,Treadmill,0,0,0,1,36
52573886 - ProForm ZT4 Treadmill,52573886,Treadmill,11,0,8,1,46
52573906 - ProForm ZT6 Treadmill,52573906,Treadmill,0,1,1,1,6
52573926 - ProForm ZT10 Treadmill,52573926,Treadmill,2,3,2,1,0
52573946 - ProForm Pro 2000 Treadmill,52573946,Treadmill,11,8,7,18,16
52573976 - ProForm Pro 4500 Treadmill,52573976,Treadmill,0,1,3,0,3
52574076 - Weslo Cadence G5.9 Treadmill,52574076,Treadmill,42,60,73,53,15
23127236 - BROOKS Womens PureFlow 3 Running Shoes,23127236,Women's Running Shoes,4,6,12,11,98
23248036 - NIKE Womens Air Max+ 2014 Running Shoes,23248036,Women's Running Shoes,25,27,23,30,38
23265526 - NIKE Womens Flyknit Lunar2 Running Shoes,23265526,Women's Running Shoes,9,22,14,4,26
23269856 - COLUMBIA Womens Conspiracy Vapor Trail Running Shoes,23269856,Women's Running Shoes,0,0,0,1,8
23846646 - MIZUNO Womens Wave Creation 15 Running Shoes,23846646,Women's Running Shoes,35,57,57,25,258
24079846 - BROOKS Womens Transcend Running Shoes,24079846,Women's Running Shoes,7,1,3,8,53
25009276 - Nike Womens Free 5.0 Running Shoes,25009276,Women's Running Shoes,0,0,1,1,662
25011366 - NIKE Womens Free Flyknit 4.0 Running Shoes,25011366,Women's Running Shoes,7,38,64,80,110
27259686 - NIKE Womens Zoom Vomero 9 Running Shoes,27259686,Women's Running Shoes,1,4,4,13,120
31373346 - NIKE Womens Dual Fusion Run 3 Running Shoes,31373346,Women's Running Shoes,0,22,29,48,133
31377536 - BROOKS Womens Ghost 7 Running Shoes,31377536,Women's Running Shoes,2,11,33,46,252
31442986 - NIKE Womens Zoom Pegasus 31 Running Shoes,31442986,Women's Running Shoes,0,9,15,18,29
34838176 - NIKE Womens Air Max Tailwind 7 Running Shoes,34838176,Women's Running Shoes,0,0,5,26,57
37682266 - Asics Womens GEL-Sendai 2 Running Shoes,37682266,Women's Running Shoes,1,15,24,18,19
37781606 - Asics Womens GEL-Electro33 Running Shoes,37781606,Women's Running Shoes,2,12,13,11,5
42040306 - HOKA ONE ONE Womens Clifton Running Shoes,42040306,Women's Running Shoes,0,10,16,24,56
42506356 - Asics Womens GEL-Nimbus 17 Running Shoes,42506356,Women's Running Shoes,7,5,4,5,333
43415326 - Asics Womens GT-2000 3 Running Shoes - Wide,43415326,Women's Running Shoes,0,0,0,1,7
